longitude,latitude,trace_type,distance,cumulative_distance,curvature
-90.13441342861839,38.648881722278915,racing_line,0.0,0.0,0.0
-90.1344215081594,38.64891524801298,racing_line,3.448555970065592e-05,3.448555970065592e-05,0.001154284593829047
-90.1344295926052,38.64894862490351,racing_line,3.4342030882402664e-05,6.882759058305858e-05,0.003406935589562732
-90.13443779719034,38.64898200039108,racing_line,3.4369148778944e-05,0.00010319673936200259,0.0057130773736593365
-90.1344462025098,38.64901536892435,racing_line,3.4410876305141316e-05,0.0001376076156671439,0.0071981954254305425
-90.13445485479718,38.649048703037884,racing_line,3.443871661083097e-05,0.00017204633227797488,0.003886868998645987
-90.13446363792842,38.64908200836659,racing_line,3.4443988075568686e-05,0.00020649032035354356,0.002480458725610646
-90.13447233677938,38.649115329093796,racing_line,3.4437492207341016e-05,0.00024092781256088456,0.0036293056374332444
-90.13448090943018,38.64914866090706,racing_line,3.441656748048237e-05,0.00027534438004136693,0.005801278591440084
-90.13448928541865,38.649182029334405,racing_line,3.4403620832737625e-05,0.00030974800087410454,0.008100541723517374
-90.13449739355266,38.64921547573527,racing_line,3.4415164794627795e-05,0.00034416316566873235,0.006802542053903515
-90.13450527818677,38.64924899440011,racing_line,3.4433535220094556e-05,0.0003785967008888269,0.005336099466194177
-90.13451298456769,38.64928255778417,racing_line,3.443673992128312e-05,0.00041303344081011,0.004767620437297726
-90.1345205299786,38.649316153673816,racing_line,3.4432789996951094e-05,0.0004474662308070611,0.0034986707579771625
-90.13452795636732,38.64934976925984,racing_line,3.442613648586424e-05,0.00048189236729292534,0.003913927476758117
-90.13453525310055,38.64938342274066,racing_line,3.443543359859119e-05,0.0005163278008915165,0.003876932092253371
-90.13454242134775,38.64941711384898,racing_line,3.4445239841376834e-05,0.0005507730407328934,0.0030338775708478316
-90.1345494867235,38.64945082357306,racing_line,3.444219842029442e-05,0.0005852152391531877,0.003294129841383775
-90.13455644344634,38.64948456817277,racing_line,3.4454230537573765e-05,0.0006196694696907615,0.0024823945006056114
-90.13456332051224,38.64951835023444,racing_line,3.447494345338923e-05,0.0006541444131441508,0.0007734563443262399
-90.13457017283474,38.649552144448485,racing_line,3.4481926087927885e-05,0.0006886263392320786,0.002700198105931806
-90.1345771162006,38.64958591914841,racing_line,3.448101918898119e-05,0.0007231073584210598,0.009574254890365896
-90.1345843805449,38.64961961624034,racing_line,3.4471215563993965e-05,0.0007575785739850538,0.016350791867537184
-90.13459219443455,38.649653188194264,racing_line,3.44693046353419e-05,0.0007920478786203957,0.025639096852956955
-90.13460087324843,38.64968657507786,racing_line,3.449646078288743e-05,0.0008265443394032831,0.04360070640546709
-90.13461093513756,38.64971934382127,racing_line,3.427874206352774e-05,0.0008608230814668108,0.06046468057867638
-90.13462286115303,38.64975118400824,racing_line,3.400040222443516e-05,0.0008948234836912459,0.07714254739567195
-90.13463715180914,38.649781895032056,racing_line,3.387314328557457e-05,0.0009286966269768205,0.09411327700489514
-90.13465438723095,38.6498113355114,racing_line,3.4114536329337433e-05,0.0009628111633061579,0.10846988813933711
-90.13467474500169,38.649838786317886,racing_line,3.4175804394854325e-05,0.0009969869677010123,0.12628703166680255
-90.13469836276654,38.6498634175473,racing_line,3.4124716543343175e-05,0.0010311116842443555,0.13643901081181165
-90.13472502014146,38.64988453526952,racing_line,3.400843761820566e-05,0.0010651201218625612,0.13997642374076458
-90.13475456988571,38.649901848353146,racing_line,3.424806929053288e-05,0.001099368191153094,0.1387506813292454
-90.13478634742572,38.64991495652387,racing_line,3.437493546729704e-05,0.0011337431266203912,0.13864867740339504
-90.13481963308958,38.649923547469314,racing_line,3.4376441965751564e-05,0.0011681195685861428,0.1267640292621275
-90.13485373786199,38.64992786135896,racing_line,3.4376520258291435e-05,0.0012024960888444341,0.11694041314009329
-90.13488812009719,38.64992816670613,racing_line,3.438359106026077e-05,0.001236879679904695,0.10697308346632539
-90.13492219899315,38.64992481306354,racing_line,3.4243511338632004e-05,0.001271123191243327,0.10555901635774578
-90.13495575396166,38.64991788348325,racing_line,3.426302664379504e-05,0.0013053862178871221,0.11190408692000764
-90.13498847882829,38.64990719999253,racing_line,3.4424611394595095e-05,0.0013398108292817172,0.1308206339482485
-90.13501971340446,38.64989225133229,racing_line,3.4627462968030604e-05,0.0013744382922497478,0.15468027307111631
-90.13504846489771,38.64987253675749,racing_line,3.4861337085097076e-05,0.0014092996293348448,0.17385742279304361
-90.13507261273112,38.64984889003826,racing_line,3.37977098219379e-05,0.0014430973391567827,0.1927822349630941
-90.13509113800137,38.649821991058246,racing_line,3.266099758761593e-05,0.0014757583367443986,0.20530854244715369
-90.1351034643734,38.6497926560103,racing_line,3.181956136614078e-05,0.0015075778981105395,0.20671773033008067
-90.13510948288031,38.649761541973874,racing_line,3.1690782382983646e-05,0.0015392686804935232,0.1991416699459292
-90.13510924087637,38.649731545768816,racing_line,2.9997181263629524e-05,0.0015692658617571526,0.1952978394973739
-90.13510302687376,38.649701412335396,racing_line,3.0767476953675263e-05,0.0016000333387108279,0.1913793243494144
-90.13509057380493,38.64967152107105,racing_line,3.238157821447883e-05,0.0016324149169253067,0.1840592245624716
-90.13507187206748,38.64964290153128,racing_line,3.418820030493966e-05,0.0016666031172302464,0.1723986080288875
-90.13504958195698,38.64961903236459,racing_line,3.2658630480875466e-05,0.0016992617477111218,0.18028876857008147
-90.13502313633332,38.649599370995865,racing_line,3.2953610287025994e-05,0.001732215357998148,0.16266922771610004
-90.13499446065457,38.649584564534315,racing_line,3.227267970505128e-05,0.001764488037703199,0.0963390174316886
-90.13496746423702,38.6495737725338,racing_line,2.907359343900848e-05,0.0017935616311422077,0.0334326732322861
-90.13494092396405,38.64956417879075,racing_line,2.8221020446423576e-05,0.0018217826515886312,0.03383688879202018
-90.1349119903418,38.649554813889296,racing_line,3.0411443167080836e-05,0.001852194094755712,0.03779658594614471
-90.13487658748141,38.649544816209726,racing_line,3.678744514950923e-05,0.0018889815399052213,0.005475020060185853
-90.1348381134817,38.6495341783438,racing_line,3.991757564118168e-05,0.001928899115546403,0.09691850838150184
-90.13480115171959,38.64951998348448,racing_line,3.959376074714271e-05,0.0019684928762935456,0.2047453034239476
-90.13477178682196,38.649501102653836,racing_line,3.491107243479436e-05,0.0020034039487283398,0.2994843165272558
-90.13475452003904,38.649480598341775,racing_line,2.680612999840042e-05,0.00203021007872674,0.29814602346728614
-90.13474779300263,38.64946476456791,racing_line,1.720352910427147e-05,0.0020474136078310117,0.31700017216063525
-90.13474778975326,38.649464726317525,racing_line,3.838815296897611e-08,0.0020474519959839807,0.3167273836426494
-90.13475394650864,38.649438664192296,racing_line,2.6779469902038256e-05,0.0020742314658860187,0.22092572766843843
-90.13477053259754,38.64940458166791,racing_line,3.790404745812291e-05,0.0021121355133441417,0.09199658671431488
-90.134786831202,38.64937769135387,racing_line,3.1444132944383176e-05,0.002143579646288525,0.05268358038134702
-90.1348051085749,38.649350836557005,racing_line,3.248449590684851e-05,0.0021760641421953737,0.021654581507682735
-90.13482408253866,38.649324216308514,racing_line,3.269019624528203e-05,0.0022087543384406555,0.0628826042413797
-90.13484134147146,38.64929646385664,racing_line,3.2681330239833575e-05,0.002241435668680489,0.14316908207948464
-90.1348547831404,38.64926580512264,racing_line,3.347590827280936e-05,0.002274911576953298,0.1594498640347597
-90.13486339108043,38.649232612047534,racing_line,3.429106102888595e-05,0.0023092026379821842,0.1527022655576431
-90.1348668367648,38.64919862516526,racing_line,3.416110225619871e-05,0.002343363740238383,0.10768525087386283
-90.13486661617695,38.64916544309436,racing_line,3.3182804104868426e-05,0.0023765465443432512,0.08867418402257088
-90.13486356924462,38.6491335753001,racing_line,3.201312399380484e-05,0.002408559668337056,0.10492256465112448
-90.13485717332627,38.649102062809526,racing_line,3.215501257341514e-05,0.0024407146809104713,0.10667807549862207
-90.13484696273879,38.64906984641136,racing_line,3.3795745405517554e-05,0.0024745104263159887,0.06929832195015417
-90.13483407731037,38.64903722815094,racing_line,3.507114452567195e-05,0.0025095815708416607,0.03474496407394856
-90.13482001642068,38.64900496211908,racing_line,3.519666789604729e-05,0.002544778238737708,0.0019976788862450245
-90.13480568050586,38.648972243602394,racing_line,3.572141917113105e-05,0.0025804996579088394,0.04183606949208274
-90.1347931727321,38.6489401032249,racing_line,3.448837876401479e-05,0.0026149880366728544,0.08525039648057864
-90.134783924419,38.64890863868858,racing_line,3.279555367968461e-05,0.002647783590352539,0.135740401098837
-90.13477920242792,38.64887742406576,racing_line,3.156976207811808e-05,0.002679353352430657,0.17317823280445932
-90.13477989883775,38.648847205400955,racing_line,3.0226688359773125e-05,0.00270958004079043,0.19880470490285207
-90.13478659495075,38.64881751863558,racing_line,3.0432580693808003e-05,0.002740012621484238,0.20201861375456032
-90.13480085949483,38.64878590509522,racing_line,3.468275006617446e-05,0.0027746953715504126,0.18729430102697342
-90.13482090625065,38.64875729326726,racing_line,3.493578563653411e-05,0.0028096311571869466,0.17146843552770052
-90.13484514266612,38.64873292218428,racing_line,3.437082367971155e-05,0.002844001980866658,0.1410624953376609
-90.13487256688313,38.64871219912395,racing_line,3.4373433172279483e-05,0.0028783754140389375,0.10616989418391265
-90.1349023934583,38.64869428220979,racing_line,3.4794258140397715e-05,0.0029131696721793354,0.06713193395612338
-90.1349331724414,38.6486784999427,racing_line,3.458938788854658e-05,0.002947759060067882,0.06223095544383117
-90.13496472570161,38.64866472684705,racing_line,3.442827898420451e-05,0.0029821873390520866,0.06266589957263413
-90.13499697461519,38.648652994985696,racing_line,3.4316599456073195e-05,0.00301650393850816,0.06397666615026187
-90.13503024191446,38.648643250977536,racing_line,3.466495198216588e-05,0.003051168890490326,0.06100673626106534
-90.13506398754183,38.648635565634564,racing_line,3.460970763666993e-05,0.003085778598126996,0.05178467239323403
-90.13509747185793,38.64862974404846,racing_line,3.39866192755893e-05,0.003119765217402585,0.0477632797283527
-90.13513144768541,38.648625496340635,racing_line,3.4240325269849145e-05,0.0031540055426724344,0.030976822016545835
-90.13516572041773,38.64862228595044,racing_line,3.44227655193269e-05,0.0031884283081917613,0.013560933136082198
-90.13519978236691,38.64861956070685,racing_line,3.417079651583348e-05,0.0032225991047075946,0.0074422809190393124
-90.13523402570227,38.64861707728283,racing_line,3.433326974950594e-05,0.0032569323744571005,0.00790553204684663
-90.13526863018399,38.64861429249827,racing_line,3.4716353201137016e-05,0.0032916487276582374,0.022073462268411337
-90.13530326509499,38.6486107343067,racing_line,3.481720533681331e-05,0.003326465932995051,0.03472632511260265
-90.13533786422816,38.64860596076995,racing_line,3.492687603297737e-05,0.003361392809028028,0.045729886789596996
-90.13537125420532,38.6485997870934,racing_line,3.395592521141261e-05,0.003395348734239441,0.06198825424643806
-90.13540483965953,38.64859139640727,racing_line,3.461771725440448e-05,0.0034299664514938454,0.10142304662151558
-90.1354370114947,38.64857978957313,racing_line,3.420154349150354e-05,0.003464167994985349,0.13964830032688402
-90.1354677313885,38.64856356573631,racing_line,3.474082261752258e-05,0.0034989088176028715,0.20375926407780964
-90.13549358575067,38.6485422423991,racing_line,3.351317282196021e-05,0.0035324219904248316,0.2640578109534033
-90.13551182371879,38.648516537832485,racing_line,3.151742734042145e-05,0.003563939417765253,0.3114759074537832
-90.13552128094484,38.64848656213987,racing_line,3.14321693856004e-05,0.003595371587150853,0.3050625981845074
-90.13552129963375,38.648452572580545,racing_line,3.398956446507538e-05,0.0036293611516159284,0.30520989039114443
-90.1355114812106,38.64842134842725,racing_line,3.273147082373103e-05,0.0036620926224396593,0.29778691883949593
-90.13549272019938,38.64839406901191,racing_line,3.310803593322545e-05,0.003695200658372885,0.251778110429971
-90.13546675653207,38.64837145414478,racing_line,3.4431732972420676e-05,0.0037296323913453056,0.19855993521527016
-90.13543592068709,38.64835388005051,racing_line,3.549222626448427e-05,0.00376512461760979,0.14204357517042193
-90.13540405654572,38.64834130185007,racing_line,3.425689173152551e-05,0.0037993815093413158,0.12459247409635121
-90.13537111132668,38.64833284127506,racing_line,3.4014243892302137e-05,0.0038333957532336177,0.10644673233221841
-90.13533732964108,38.64832791077596,racing_line,3.413959729439785e-05,0.0038675353505280155,0.09864283485792746
-90.13530280733268,38.64832631174475,racing_line,3.4559321142792554e-05,0.003902094671670808,0.09562647471295696
-90.1352685621057,38.648328002803375,racing_line,3.4286954523566873e-05,0.003936381626194375,0.09022474302548539
-90.13523535457101,38.648332667758446,racing_line,3.3533597565016647e-05,0.003969915223759391,0.09414292951462816
-90.13520230429609,38.64834053565857,racing_line,3.397388003721957e-05,0.004003889103796611,0.09224907840695565
-90.13516947600671,38.648351632091135,racing_line,3.465295657143777e-05,0.004038542060368049,0.09269581748595634
-90.13513789248957,38.64836568543929,racing_line,3.4568991153410294e-05,0.00407311105152146,0.09314908295767182
-90.13510829718115,38.64838230993737,racing_line,3.39448997176862e-05,0.004107055951239146,0.08013811817107841
-90.13508109532673,38.648400599643004,racing_line,3.277886844097768e-05,0.0041398348196801235,0.0756935897733616
-90.1350549097282,38.64842124464472,racing_line,3.3345189552213945e-05,0.004173180009232337,0.052506447592584826
-90.13502956559829,38.64844347947207,racing_line,3.371516673648168e-05,0.004206895175968819,0.040288324378182194
-90.13500516173154,38.648466694093464,racing_line,3.3681855034869206e-05,0.004240577031003688,0.03079989976411235
-90.13498026718376,38.64849188064966,racing_line,3.54132901882275e-05,0.004275990321191915,0.009724238811993913
-90.13495577293101,38.648517149016584,racing_line,3.519174313916029e-05,0.004311182064331075,0.008035431741055143
-90.13493180884174,38.64854147623685,racing_line,3.4148077841159434e-05,0.004345330142172235,0.02061824603305107
-90.13490694918895,38.648565693010845,racing_line,3.4705251473758864e-05,0.004380035393645993,0.043616576677456664
-90.13488130348034,38.648588583041665,racing_line,3.4375221900960445e-05,0.004414410615546954,0.07416357784353955
-90.13485501469852,38.64860875599991,racing_line,3.313681176847562e-05,0.00444754742731543,0.10165466018983738
-90.13482705401312,38.64862600923849,racing_line,3.285535222216834e-05,0.004480402779537598,0.14764618571647575
-90.13479778369391,38.64863856497752,racing_line,3.1849618031391105e-05,0.0045122523975689895,0.16615962401087966
-90.13476517191621,38.64864651309742,racing_line,3.356636195023477e-05,0.0045458187595192245,0.19084244480491297
-90.13473047610013,38.64864818729888,racing_line,3.473618580423279e-05,0.004580554945323457,0.22068525176999781
-90.13469678490172,38.64864231830534,racing_line,3.41985662787327e-05,0.0046147535116021895,0.22657311007830114
-90.13466521523856,38.64862900649903,racing_line,3.426146260222448e-05,0.004649014974204414,0.24679490135805165
-90.13463809352604,38.64860856605264,racing_line,3.396173050238001e-05,0.004682976704706794,0.26011542158279466
-90.13461821348797,38.6485832054938,racing_line,3.222380886983596e-05,0.00471520051357663,0.29394143829302755
-90.13460531510141,38.64855003931515,racing_line,3.5586005427078425e-05,0.004750786519003709,0.28177770495089116
-90.13460232320296,38.648516558482264,racing_line,3.3614247379744273e-05,0.0047844007663834535,0.2483640793772448
-90.13460587171738,38.64849446299065,racing_line,2.2378621592832834e-05,0.004806779387976286,0.25636842778174973
-90.13461397237155,38.64847610725463,racing_line,2.006373950017584e-05,0.0048268431274764625,0.22972227292031322
-90.13462872511784,38.648456511690966,racing_line,2.4528139720775314e-05,0.004851371267197238,0.20495347654483576
-90.13465210627449,38.64843598360359,racing_line,3.111399777714748e-05,0.004882485264974385,0.14302023550101373
-90.13468025243614,38.648417643827116,racing_line,3.359395506593265e-05,0.004916079220040318,0.09611361892097925
-90.13471072358527,38.64840172676894,racing_line,3.437795326094401e-05,0.0049504571733012615,0.05065591739393893
-90.13474376319093,38.648386545185716,racing_line,3.636063820834068e-05,0.004986817811509602,0.027583416124628446
-90.13477773708533,38.648372055351636,racing_line,3.6934818160993445e-05,0.005023752629670595,0.006790722725413367
-90.13480968178627,38.648358173830935,racing_line,3.4830454129438864e-05,0.005058583083800034,0.026954781085399393
-90.13484054101282,38.648343763160895,racing_line,3.405817485732748e-05,0.005092641258657361,0.050501009877021996
-90.1348696818453,38.648328317488904,racing_line,3.298115978800503e-05,0.005125622418445367,0.05981920948745545
-90.13489870997651,38.648310631615175,racing_line,3.399150674869178e-05,0.005159613925194059,0.11083881812901453
-90.13492408688258,38.64829101587991,racing_line,3.207435784800552e-05,0.0051916882830420645,0.13761692612880427
-90.1349441319458,38.64827055509116,racing_line,2.8643471089729366e-05,0.005220331754131794,0.1797155575742848
-90.13495817366633,38.64824982727209,racing_line,2.5036221738243434e-05,0.0052453679758700375,0.1783769822992778
-90.13496815354642,38.648227300855396,racing_line,2.463813011651054e-05,0.005270006105986548,0.20767939134795022
-90.13497349189147,38.648202176495126,racing_line,2.5685237138276723e-05,0.005295691343124825,0.21733087272477225
-90.1349732876904,38.648176548187124,racing_line,2.5629121505113034e-05,0.005321320464629939,0.23247228582596846
-90.13496652784573,38.64814897757892,racing_line,2.8387214316076673e-05,0.005349707678946015,0.22166617707566694
-90.1349527741674,38.64812136388642,racing_line,3.0849306009333096e-05,0.005380556984955348,0.21448608074374242
-90.1349323575817,38.64809593978235,racing_line,3.260708572024807e-05,0.005413164070675596,0.19340065334120538
-90.13490644699216,38.648074079980226,racing_line,3.3899994091038336e-05,0.0054470640647666345,0.1734348572952895
-90.1348768454502,38.64805684040471,racing_line,3.4255718511511996e-05,0.0054813197832781465,0.14697808615748525
-90.13484540201004,38.64804426725277,racing_line,3.386405289145663e-05,0.005515183836169603,0.12823310808193833
-90.13481281551299,38.648035871625,racing_line,3.365065164464844e-05,0.0055488344878142516,0.1150583871098996
-90.13477915410219,38.648031227543534,racing_line,3.398025999693544e-05,0.005582814747811187,0.10662114328546024
-90.1347448555083,38.64803018186984,racing_line,3.431453010320871e-05,0.005617129277914396,0.09977441516339336
-90.13471021249235,38.648032586359356,racing_line,3.4726360650178795e-05,0.005651855638564574,0.10195484514120264
-90.13467621789397,38.64803846556568,racing_line,3.449924327030421e-05,0.005686354881834879,0.10367706280922379
-90.13464314797419,38.648047793641524,racing_line,3.43603345904576e-05,0.005720715216425336,0.12065073433051599
-90.13461185078556,38.64806086309066,racing_line,3.3916434316899724e-05,0.005754631650742236,0.12938616724663765
-90.13458245096454,38.64807789069508,racing_line,3.397482579668584e-05,0.005788606476538922,0.14224349185876772
-90.13455569366855,38.64809896797995,racing_line,3.406177955792944e-05,0.005822668256096852,0.14504251300029258
-90.1345321539271,38.64812380715986,racing_line,3.422140099847103e-05,0.005856889657095322,0.134115211168505
-90.13451206267166,38.64815168775824,racing_line,3.43654813831536e-05,0.005891255138478476,0.1127895086861378
-90.13449526893918,38.64818159569646,racing_line,3.4300353049935654e-05,0.005925555491528412,0.07927185447364926
-90.13448090046569,38.64821273060728,racing_line,3.4290460803482325e-05,0.005959845952331894,0.05024555834036071
-90.13446807591971,38.64824464227723,racing_line,3.4392203455164485e-05,0.005994238155787058,0.028669769955410596
-90.13445613914449,38.648276995936634,racing_line,3.4485444461930686e-05,0.006028723600248989,0.009911075115574652
-90.13444454055123,38.64830941895292,racing_line,3.443514702621503e-05,0.006063158747275204,0.0018919304033113704
-90.13443289190225,38.64834178866224,racing_line,3.440187647100379e-05,0.0060975606237462085,0.001710079339623638
-90.13442130057412,38.64837417279898,racing_line,3.439609280282854e-05,0.006131956716549037,0.016859832923707074
-90.134410255656,38.648406751299184,racing_line,3.4399838544472866e-05,0.00616635655509351,0.027706127449513174
-90.13440012099983,38.64843961187368,racing_line,3.4387913742544805e-05,0.006200744468836054,0.035648227775727515
-90.13439115766754,38.64847283608498,racing_line,3.441205518854e-05,0.006235156524024594,0.04746077188118769
-90.1343837778021,38.648506461258435,racing_line,3.442549497033636e-05,0.006269582018994931,0.05329777870742025
-90.13437820048235,38.64854042715373,racing_line,3.4420757386318314e-05,0.006304002776381249,0.05574331601416249
-90.13437452424527,38.64857465076385,racing_line,3.442049111051704e-05,0.006338423267491766,0.06204078051114936
-90.13437297674918,38.64860904155997,racing_line,3.442559516113957e-05,0.006372848862652905,0.05844145215108476
-90.13437344070077,38.648643471569336,racing_line,3.443313514502829e-05,0.006407281997797934,0.05045902500044175
-90.13437564026474,38.64867782865968,racing_line,3.442742712491524e-05,0.006441709424922849,0.0531392484051012
-90.13437966126253,38.648712017770244,racing_line,3.442475423969056e-05,0.0064761341791625395,0.041230408317729283
-90.13438506088089,38.648745841738794,racing_line,3.425225141404023e-05,0.0065103864305765796,0.027715800567799542
-90.13439138486562,38.64877944517214,racing_line,3.4193325598087205e-05,0.006544579756174667,0.02531888272306304
-90.1343985578088,38.64881287901723,racing_line,3.419463570829694e-05,0.006578774391882964,0.014386395578724454
-90.13440623626667,38.64884631630434,racing_line,3.4307592235294214e-05,0.006613081984118259,0.0064542565041121325
-90.13441413296201,38.648879714274,racing_line,3.431883119508278e-05,0.0066474008153133415,0.0
